sample,grainsize
700C200h,238.987553
750C50h,258.354105
750C100h,265.437326
750C150h,336.841365
800C50h,390.458018